step,time_s,cmd_vel,fwd_vel,lateral_vel,pelvis_height,reward_step
0,0.000,4.000,-0.142,0.092,0.756,-0.0530
1,0.017,4.000,-0.198,0.046,0.748,0.2955
2,0.033,4.000,-0.196,0.029,0.738,0.4099
3,0.050,4.000,-0.229,0.022,0.724,0.3217
4,0.067,4.000,-0.253,0.082,0.708,0.3462
5,0.083,4.000,-0.243,0.112,0.688,0.4347
6,0.100,4.000,-0.199,0.145,0.666,-1.0201
7,0.117,4.000,0.024,0.104,0.644,0.0421
8,0.133,4.000,0.205,0.126,0.624,0.3647
9,0.150,4.000,0.339,0.096,0.607,0.4256
10,0.167,4.000,0.463,0.022,0.593,0.4461
11,0.183,4.000,0.574,0.022,0.582,0.4669
12,0.200,4.000,0.686,0.023,0.574,0.3927
13,0.217,4.000,0.833,0.018,0.568,0.2739
14,0.233,4.000,0.954,0.019,0.565,0.3238
15,0.250,4.000,1.123,0.014,0.564,0.2331
16,0.267,4.000,1.274,0.016,0.564,0.2847
17,0.283,4.000,1.452,0.033,0.565,0.2533
18,0.300,4.000,1.575,-0.006,0.566,0.3421
19,0.317,4.000,1.594,-0.052,0.569,0.3911
20,0.333,4.000,1.535,-0.115,0.570,-0.1603
21,0.350,4.000,1.486,-0.115,0.570,-0.9856
22,0.367,4.000,1.513,-0.057,0.570,-0.0016
23,0.383,4.000,1.518,-0.034,0.571,0.2568
24,0.400,4.000,1.562,-0.053,0.573,0.3299
25,0.417,4.000,1.662,-0.066,0.575,0.0731
26,0.433,4.000,1.817,-0.042,0.578,-0.0649
27,0.450,4.000,2.099,-0.002,0.582,-0.2440
28,0.467,4.000,2.453,0.035,0.587,-0.2989
29,0.483,4.000,2.808,0.056,0.593,-0.5081
30,0.500,4.000,3.181,0.066,0.602,-0.7829
31,0.517,4.000,3.402,-0.063,0.614,-0.4211
32,0.533,4.000,3.381,-0.107,0.626,-0.0878
33,0.550,4.000,3.372,-0.042,0.636,0.1973
34,0.567,4.000,3.415,0.003,0.644,0.9716
35,0.583,4.000,3.468,0.060,0.651,1.1124
36,0.600,4.000,3.549,0.125,0.657,1.2071
37,0.617,4.000,3.545,0.185,0.662,1.0356
38,0.633,4.000,3.561,0.221,0.667,0.9147
39,0.650,4.000,3.590,0.217,0.672,0.7434
40,0.667,4.000,3.648,0.177,0.678,0.3831
41,0.683,4.000,3.766,0.086,0.684,1.1215
42,0.700,4.000,3.796,-0.075,0.691,0.8121
43,0.717,4.000,3.840,-0.073,0.695,0.1075
44,0.733,4.000,3.920,-0.113,0.699,1.1869
45,0.750,4.000,3.927,-0.050,0.702,1.5658
46,0.767,4.000,3.935,-0.015,0.703,2.0168
47,0.783,4.000,3.953,-0.020,0.704,2.1898
48,0.800,4.000,3.870,-0.033,0.703,2.1075
49,0.817,4.000,3.831,-0.055,0.700,2.0908
50,0.833,4.000,3.792,-0.054,0.695,2.0083
51,0.850,4.000,3.843,-0.024,0.687,1.8349
52,0.867,4.000,3.899,0.039,0.682,1.5305
53,0.883,4.000,3.829,0.082,0.680,1.5971
54,0.900,4.000,3.820,0.165,0.680,1.4197
55,0.917,4.000,3.807,0.206,0.682,1.1967
56,0.933,4.000,3.814,0.232,0.686,1.1377
57,0.950,4.000,3.943,0.169,0.692,1.1541
58,0.967,4.000,3.835,0.043,0.696,1.1954
59,0.983,4.000,3.831,0.045,0.698,1.8737
60,1.000,4.000,3.842,0.081,0.698,1.9908
61,1.017,4.000,3.841,0.109,0.697,2.1124
62,1.033,4.000,3.830,0.143,0.695,2.1157
63,1.050,4.000,3.844,0.194,0.691,2.0640
64,1.067,4.000,3.880,0.303,0.687,1.7029
65,1.083,4.000,3.858,0.288,0.683,1.7067
66,1.100,4.000,3.823,0.217,0.682,1.6272
67,1.117,4.000,3.820,0.136,0.684,1.5875
68,1.133,4.000,3.929,0.050,0.690,1.5639
69,1.150,4.000,3.948,-0.010,0.698,1.4618
70,1.167,4.000,3.875,0.088,0.703,0.4895
71,1.183,4.000,3.902,0.124,0.706,1.6456
72,1.200,4.000,3.952,0.178,0.707,1.9013
73,1.217,4.000,3.967,0.180,0.706,2.2037
74,1.233,4.000,3.905,0.145,0.704,2.0567
75,1.250,4.000,3.870,0.098,0.700,2.1102
76,1.267,4.000,3.865,0.054,0.694,2.0331
77,1.283,4.000,3.901,0.018,0.687,2.0545
78,1.300,4.000,3.921,0.026,0.682,1.9042
79,1.317,4.000,3.955,0.061,0.679,1.8477
80,1.333,4.000,3.939,0.095,0.679,1.8066
81,1.350,4.000,3.932,0.114,0.681,1.5210
82,1.367,4.000,3.944,0.120,0.685,1.4867
83,1.383,4.000,4.007,0.047,0.689,1.5528
84,1.400,4.000,3.948,0.001,0.692,1.6367
85,1.417,4.000,3.920,0.024,0.693,2.0800
86,1.433,4.000,3.935,0.033,0.692,2.2188
87,1.450,4.000,3.959,0.039,0.690,2.2661
88,1.467,4.000,3.989,0.089,0.687,2.0531
89,1.483,4.000,3.910,0.165,0.683,1.9256
90,1.500,4.000,3.935,0.184,0.681,1.9340
91,1.517,4.000,3.923,0.119,0.680,1.7526
92,1.533,4.000,3.923,0.018,0.684,1.7988
93,1.550,4.000,4.001,-0.038,0.692,1.6589
94,1.567,4.000,3.967,-0.001,0.699,1.6410
95,1.583,4.000,3.978,0.004,0.703,1.6629
96,1.600,4.000,3.968,0.018,0.705,1.9187
97,1.617,4.000,3.955,0.039,0.704,2.0522
98,1.633,4.000,3.925,0.017,0.702,2.1104
99,1.650,4.000,3.909,-0.010,0.698,2.1949
100,1.667,4.000,3.912,-0.051,0.692,2.2582
101,1.683,4.000,3.899,-0.074,0.684,1.9200
102,1.700,4.000,3.901,-0.052,0.676,1.9534
103,1.717,4.000,3.930,-0.007,0.670,1.9821
104,1.733,4.000,3.954,0.021,0.667,1.9818
105,1.750,4.000,3.953,0.066,0.667,1.8832
106,1.767,4.000,3.959,0.100,0.670,1.7257
107,1.783,4.000,3.986,0.079,0.674,1.6322
108,1.800,4.000,4.035,0.019,0.680,1.5796
109,1.817,4.000,3.964,0.004,0.684,1.6537
110,1.833,4.000,3.927,0.049,0.686,2.0803
111,1.850,4.000,3.930,0.075,0.687,2.1838
112,1.867,4.000,3.967,0.082,0.685,2.2720
113,1.883,4.000,3.995,0.140,0.683,1.7660
114,1.900,4.000,3.957,0.213,0.681,1.8337
115,1.917,4.000,3.950,0.237,0.682,1.9048
116,1.933,4.000,3.939,0.116,0.684,1.7221
117,1.950,4.000,3.920,0.030,0.690,1.6609
118,1.967,4.000,4.012,-0.028,0.699,1.6829
119,1.983,4.000,4.003,0.028,0.707,1.2502
120,2.000,4.000,4.021,0.045,0.713,1.7880
121,2.017,4.000,4.009,0.061,0.716,1.9866
122,2.033,4.000,3.993,0.058,0.717,2.2200
123,2.050,4.000,3.950,0.036,0.717,2.2172
124,2.067,4.000,3.933,-0.000,0.715,2.2744
125,2.083,4.000,3.935,-0.033,0.710,2.2908
126,2.100,4.000,3.950,-0.054,0.703,2.3139
127,2.117,4.000,3.951,-0.057,0.694,1.8634
128,2.133,4.000,3.961,-0.008,0.686,1.9207
129,2.150,4.000,3.964,0.041,0.681,2.0757
130,2.167,4.000,3.972,0.049,0.679,2.0439
131,2.183,4.000,3.974,0.079,0.679,1.9256
132,2.200,4.000,3.997,0.068,0.681,1.8181
133,2.217,4.000,4.029,0.038,0.685,1.7061
134,2.233,4.000,3.961,0.026,0.688,1.7257
135,2.250,4.000,3.929,0.059,0.689,2.0856
136,2.267,4.000,3.937,0.069,0.687,2.2205
137,2.283,4.000,3.954,0.081,0.684,2.2384
138,2.300,4.000,3.975,0.137,0.680,2.0294
139,2.317,4.000,3.929,0.225,0.676,2.0315
140,2.333,4.000,3.916,0.220,0.674,1.7893
141,2.350,4.000,3.928,0.128,0.675,1.8513
142,2.367,4.000,3.912,0.053,0.680,1.7147
143,2.383,4.000,4.053,0.025,0.690,1.6621
144,2.400,4.000,3.985,0.056,0.699,1.2462
145,2.417,4.000,4.011,0.052,0.705,1.7114
146,2.433,4.000,3.969,0.054,0.708,1.8957
147,2.450,4.000,3.962,0.044,0.710,2.1701
148,2.467,4.000,3.943,0.021,0.710,2.2098
149,2.483,4.000,3.932,-0.007,0.708,2.2742
150,2.500,4.000,3.934,-0.031,0.704,2.2651
151,2.517,4.000,3.944,-0.043,0.697,2.2956
152,2.533,4.000,3.929,-0.053,0.688,1.8142
153,2.550,4.000,3.971,0.015,0.682,1.7462
154,2.567,4.000,3.953,0.056,0.678,2.0345
155,2.583,4.000,3.948,0.067,0.677,2.0239
156,2.600,4.000,3.966,0.091,0.679,1.8827
157,2.617,4.000,3.991,0.085,0.682,1.7809
158,2.633,4.000,4.037,0.038,0.686,1.6941
159,2.650,4.000,3.977,0.044,0.689,1.7209
160,2.667,4.000,3.944,0.086,0.690,2.1249
161,2.683,4.000,3.948,0.105,0.689,2.2318
162,2.700,4.000,3.975,0.114,0.687,2.2667
163,2.717,4.000,3.998,0.173,0.683,1.7242
164,2.733,4.000,3.961,0.235,0.681,1.7812
165,2.750,4.000,3.940,0.241,0.680,1.6415
166,2.767,4.000,3.944,0.133,0.682,1.8518
167,2.783,4.000,3.908,0.051,0.688,1.6799
168,2.800,4.000,4.014,-0.003,0.697,1.7728
169,2.817,4.000,3.986,0.052,0.704,1.3018
170,2.833,4.000,4.005,0.070,0.709,1.7840
171,2.850,4.000,3.997,0.083,0.711,1.9848
172,2.867,4.000,3.974,0.074,0.712,2.2044
173,2.883,4.000,3.929,0.048,0.711,2.1931
174,2.900,4.000,3.914,0.009,0.708,2.2562
175,2.917,4.000,3.918,-0.019,0.702,2.2695
176,2.933,4.000,3.930,-0.034,0.694,2.1838
177,2.950,4.000,3.887,-0.042,0.686,2.0683
178,2.967,4.000,3.937,0.020,0.679,1.9634
179,2.983,4.000,3.961,0.070,0.676,2.0088
180,3.000,4.000,3.948,0.091,0.675,1.9280
181,3.017,4.000,3.954,0.109,0.677,1.7521
182,3.033,4.000,3.984,0.093,0.680,1.7540
183,3.050,4.000,4.036,0.032,0.684,1.6994
184,3.067,4.000,3.971,0.035,0.688,1.7210
185,3.083,4.000,3.928,0.078,0.688,2.0887
186,3.100,4.000,3.942,0.089,0.687,2.2369
187,3.117,4.000,3.967,0.105,0.685,2.2419
188,3.133,4.000,3.987,0.166,0.681,2.0119
189,3.150,4.000,3.954,0.246,0.678,1.9774
190,3.167,4.000,3.936,0.235,0.677,1.7646
191,3.183,4.000,3.941,0.129,0.679,1.8398
192,3.200,4.000,3.932,0.051,0.686,1.7134
193,3.217,4.000,4.017,-0.005,0.695,1.7324
194,3.233,4.000,3.994,0.046,0.702,1.2088
195,3.250,4.000,4.023,0.061,0.707,1.7227
196,3.267,4.000,4.021,0.083,0.710,1.9528
197,3.283,4.000,4.006,0.081,0.711,2.2298
198,3.300,4.000,3.949,0.055,0.711,2.1935
199,3.317,4.000,3.930,0.011,0.709,2.2646
200,3.333,4.000,3.931,-0.019,0.704,2.2661
201,3.350,4.000,3.943,-0.036,0.697,2.2984
202,3.367,4.000,3.918,-0.048,0.688,1.7288
203,3.383,4.000,3.974,0.024,0.681,1.6750
204,3.400,4.000,3.967,0.070,0.677,1.9963
205,3.417,4.000,3.967,0.088,0.677,1.9142
206,3.433,4.000,3.979,0.096,0.678,1.7978
207,3.450,4.000,4.003,0.084,0.682,1.7977
208,3.467,4.000,4.044,0.033,0.687,1.6883
209,3.483,4.000,3.980,0.029,0.690,1.7027
210,3.500,4.000,3.948,0.069,0.691,2.1101
211,3.517,4.000,3.950,0.092,0.690,2.2106
212,3.533,4.000,3.979,0.101,0.688,2.2513
213,3.550,4.000,4.005,0.163,0.684,2.0362
214,3.567,4.000,3.968,0.246,0.681,2.0302
215,3.583,4.000,3.960,0.231,0.680,1.8045
216,3.600,4.000,3.969,0.124,0.682,1.8569
217,3.617,4.000,3.965,0.044,0.688,1.7102
218,3.633,4.000,4.031,-0.003,0.697,1.7749
219,3.650,4.000,4.001,0.034,0.703,1.2856
220,3.667,4.000,4.021,0.053,0.707,1.7317
221,3.683,4.000,4.020,0.081,0.708,1.9986
222,3.700,4.000,4.004,0.079,0.708,2.2389
223,3.717,4.000,3.943,0.055,0.706,2.1947
224,3.733,4.000,3.925,0.011,0.703,2.2580
225,3.750,4.000,3.927,-0.017,0.697,2.2603
226,3.767,4.000,3.929,-0.031,0.688,1.9384
227,3.783,4.000,3.909,-0.012,0.680,1.9731
228,3.800,4.000,3.935,0.034,0.674,1.9804
229,3.817,4.000,3.958,0.073,0.672,2.0182
230,3.833,4.000,3.947,0.101,0.672,1.9410
231,3.850,4.000,3.965,0.121,0.674,1.7585
232,3.867,4.000,3.999,0.093,0.678,1.7356
233,3.883,4.000,4.031,0.044,0.683,1.7384
234,3.900,4.000,3.966,0.061,0.686,1.7670
235,3.917,4.000,3.921,0.102,0.687,2.0958
236,3.933,4.000,3.936,0.106,0.685,2.2418
237,3.950,4.000,3.960,0.129,0.683,2.2230
238,3.967,4.000,3.981,0.194,0.679,2.0259
239,3.983,4.000,3.946,0.268,0.676,1.9829
240,4.000,4.000,3.928,0.259,0.675,1.7491
241,4.017,4.000,3.934,0.153,0.678,1.8362
242,4.033,4.000,3.930,0.069,0.684,1.7102
243,4.050,4.000,4.020,0.007,0.694,1.7095
244,4.067,4.000,3.996,0.060,0.702,1.1846
245,4.083,4.000,4.027,0.075,0.707,1.7119
246,4.100,4.000,4.022,0.093,0.710,1.9342
247,4.117,4.000,4.006,0.088,0.712,2.2202
248,4.133,4.000,3.954,0.060,0.712,2.1972
249,4.150,4.000,3.935,0.017,0.710,2.2710
250,4.167,4.000,3.936,-0.012,0.706,2.2681
251,4.183,4.000,3.948,-0.029,0.699,2.2998
252,4.200,4.000,3.936,-0.038,0.690,1.7745
253,4.217,4.000,3.967,0.018,0.683,1.7517
254,4.233,4.000,3.955,0.059,0.679,1.9529
255,4.250,4.000,3.977,0.082,0.678,1.9040
256,4.267,4.000,3.985,0.095,0.679,1.8345
257,4.283,4.000,4.010,0.080,0.682,1.8268
258,4.300,4.000,4.049,0.037,0.687,1.7136
259,4.317,4.000,3.981,0.036,0.690,1.7195
260,4.333,4.000,3.944,0.079,0.691,2.0818
261,4.350,4.000,3.950,0.097,0.690,2.2168
262,4.367,4.000,3.972,0.109,0.687,2.2470
263,4.383,4.000,3.993,0.169,0.684,1.6827
264,4.400,4.000,3.956,0.235,0.681,1.7339
265,4.417,4.000,3.930,0.243,0.680,1.6029
266,4.433,4.000,3.936,0.142,0.682,1.8631
267,4.450,4.000,3.894,0.053,0.688,1.6794
268,4.467,4.000,3.998,-0.015,0.697,1.7163
269,4.483,4.000,3.980,0.046,0.705,1.2312
270,4.500,4.000,4.007,0.059,0.711,1.7643
271,4.517,4.000,3.991,0.070,0.714,1.9486
272,4.533,4.000,3.973,0.062,0.716,2.1946
273,4.550,4.000,3.934,0.038,0.716,2.2093
274,4.567,4.000,3.918,0.000,0.714,2.2651
275,4.583,4.000,3.920,-0.028,0.709,2.2645
276,4.600,4.000,3.931,-0.045,0.702,2.2958
277,4.617,4.000,3.933,-0.051,0.693,1.8278
278,4.633,4.000,3.953,0.002,0.685,1.8606
279,4.650,4.000,3.951,0.050,0.681,2.0159
280,4.667,4.000,3.962,0.065,0.679,1.9664
281,4.683,4.000,3.971,0.083,0.680,1.8773
282,4.700,4.000,3.994,0.078,0.682,1.8591
283,4.717,4.000,4.028,0.041,0.687,1.7309
284,4.733,4.000,3.958,0.031,0.690,1.7419
285,4.750,4.000,3.926,0.066,0.690,2.1060
286,4.767,4.000,3.937,0.078,0.689,2.2285
287,4.783,4.000,3.955,0.090,0.686,2.2428
288,4.800,4.000,3.974,0.151,0.682,2.0171
289,4.817,4.000,3.924,0.234,0.678,2.0127
290,4.833,4.000,3.918,0.219,0.676,1.7976
291,4.850,4.000,3.937,0.122,0.677,1.8496
292,4.867,4.000,3.937,0.047,0.683,1.7085
293,4.883,4.000,4.045,-0.006,0.692,1.6631
294,4.900,4.000,3.984,0.039,0.701,1.2027
295,4.917,4.000,4.015,0.051,0.706,1.7009
296,4.933,4.000,3.987,0.064,0.710,1.9164
297,4.950,4.000,3.981,0.056,0.712,2.1974
298,4.967,4.000,3.947,0.032,0.712,2.2164
299,4.983,4.000,3.933,-0.003,0.710,2.2762
300,5.000,4.000,3.933,-0.027,0.705,2.2486
301,5.017,4.000,3.944,-0.038,0.698,2.2879
302,5.033,4.000,3.933,-0.045,0.689,1.8021
303,5.050,4.000,3.964,0.013,0.683,1.7539
304,5.067,4.000,3.957,0.060,0.679,2.0076
305,5.083,4.000,3.966,0.084,0.678,1.9927
306,5.100,4.000,3.976,0.103,0.680,1.8461
307,5.117,4.000,4.000,0.087,0.683,1.8171
308,5.133,4.000,4.041,0.040,0.687,1.7181
309,5.150,4.000,3.975,0.041,0.690,1.7222
310,5.167,4.000,3.937,0.083,0.691,2.0937
311,5.183,4.000,3.948,0.098,0.690,2.2306
312,5.200,4.000,3.970,0.110,0.687,2.2526
313,5.217,4.000,3.991,0.173,0.684,1.7198
314,5.233,4.000,3.951,0.241,0.681,1.7474
315,5.250,4.000,3.927,0.243,0.680,1.6026
316,5.267,4.000,3.937,0.144,0.682,1.8617
317,5.283,4.000,3.895,0.054,0.688,1.6761
318,5.300,4.000,3.996,-0.019,0.697,1.7063
319,5.317,4.000,3.978,0.048,0.706,1.2264
320,5.333,4.000,4.007,0.064,0.711,1.7635
321,5.350,4.000,3.989,0.074,0.715,1.9448
322,5.367,4.000,3.971,0.064,0.716,2.1840
323,5.383,4.000,3.936,0.039,0.716,2.2106
324,5.400,4.000,3.921,0.002,0.714,2.2691
325,5.417,4.000,3.923,-0.027,0.709,2.2665
326,5.433,4.000,3.934,-0.043,0.702,2.2964
327,5.450,4.000,3.938,-0.048,0.693,1.8475
328,5.467,4.000,3.949,0.000,0.685,1.8859
329,5.483,4.000,3.954,0.051,0.681,2.0461
330,5.500,4.000,3.965,0.066,0.679,2.0004
331,5.517,4.000,3.968,0.087,0.680,1.9264
332,5.533,4.000,3.994,0.080,0.683,1.8444
333,5.550,4.000,4.028,0.048,0.687,1.7262
334,5.567,4.000,3.955,0.034,0.690,1.7445
335,5.583,4.000,3.925,0.064,0.690,2.1140
336,5.600,4.000,3.935,0.077,0.689,2.2236
337,5.617,4.000,3.951,0.088,0.686,2.2427
338,5.633,4.000,3.967,0.147,0.682,1.7802
339,5.650,4.000,3.933,0.220,0.678,1.8147
340,5.667,4.000,3.907,0.217,0.677,1.6295
341,5.683,4.000,3.912,0.119,0.678,1.8351
342,5.700,4.000,3.888,0.043,0.684,1.7033
343,5.717,4.000,4.024,-0.012,0.693,1.6870
344,5.733,4.000,3.968,0.041,0.702,1.2416
345,5.750,4.000,3.996,0.052,0.708,1.7335
346,5.767,4.000,3.954,0.056,0.712,1.8617
347,5.783,4.000,3.946,0.041,0.714,2.1219
348,5.800,4.000,3.929,0.016,0.714,2.1975
349,5.817,4.000,3.919,-0.016,0.712,2.2675
350,5.833,4.000,3.920,-0.040,0.708,2.2572
351,5.850,4.000,3.928,-0.051,0.701,2.2889
352,5.867,4.000,3.930,-0.059,0.692,1.8559
353,5.883,4.000,3.952,-0.005,0.685,1.8570
354,5.900,4.000,3.954,0.048,0.682,2.0168
355,5.917,4.000,3.955,0.071,0.680,1.9582
356,5.933,4.000,3.966,0.086,0.681,1.8546
357,5.950,4.000,3.983,0.084,0.684,1.8376
358,5.967,4.000,4.022,0.039,0.689,1.7278
359,5.983,4.000,3.954,0.032,0.692,1.7404
360,6.000,4.000,3.923,0.068,0.692,2.1098
361,6.017,4.000,3.939,0.079,0.691,2.2382
362,6.033,4.000,3.959,0.091,0.688,2.2564
363,6.050,4.000,3.974,0.151,0.684,1.7489
364,6.067,4.000,3.936,0.210,0.681,1.7728
365,6.083,4.000,3.919,0.223,0.680,1.6115
366,6.100,4.000,3.919,0.119,0.681,1.8258
367,6.117,4.000,3.897,0.039,0.687,1.7019
368,6.133,4.000,4.001,-0.030,0.697,1.6989
369,6.150,4.000,3.969,0.042,0.705,1.1942
370,6.167,4.000,4.000,0.063,0.711,1.7524
371,6.183,4.000,3.984,0.079,0.715,1.9418
372,6.200,4.000,3.968,0.070,0.716,2.1868
373,6.217,4.000,3.930,0.042,0.716,2.1946
374,6.233,4.000,3.915,0.004,0.714,2.2605
375,6.250,4.000,3.916,-0.024,0.710,2.2556
376,6.267,4.000,3.925,-0.038,0.703,2.2831
377,6.283,4.000,3.930,-0.042,0.694,1.8583
378,6.300,4.000,3.943,0.003,0.686,1.8852
379,6.317,4.000,3.953,0.053,0.682,2.0152
380,6.333,4.000,3.962,0.069,0.681,1.9434
381,6.350,4.000,3.970,0.089,0.681,1.8560
382,6.367,4.000,3.988,0.089,0.684,1.8656
383,6.383,4.000,4.024,0.043,0.688,1.7461
384,6.400,4.000,3.949,0.030,0.691,1.7426
385,6.417,4.000,3.920,0.060,0.691,2.1135
386,6.433,4.000,3.929,0.074,0.690,2.2197
387,6.450,4.000,3.947,0.087,0.687,2.2363
388,6.467,4.000,3.961,0.148,0.682,1.7545
389,6.483,4.000,3.924,0.216,0.679,1.7643
390,6.500,4.000,3.900,0.220,0.678,1.5915
391,6.517,4.000,3.910,0.128,0.679,1.8443
392,6.533,4.000,3.876,0.048,0.684,1.6710
393,6.550,4.000,4.025,-0.000,0.694,1.6643
394,6.567,4.000,3.958,0.053,0.703,1.2691
395,6.583,4.000,3.986,0.062,0.709,1.7216
396,6.600,4.000,3.943,0.067,0.712,1.8448
397,6.617,4.000,3.934,0.049,0.714,2.0847
398,6.633,4.000,3.920,0.022,0.714,2.1731
399,6.650,4.000,3.913,-0.009,0.712,2.2569
400,6.667,4.000,3.913,-0.033,0.708,2.2562
401,6.683,4.000,3.919,-0.044,0.701,2.2799
402,6.700,4.000,3.919,-0.056,0.692,1.8273
403,6.717,4.000,3.956,-0.001,0.685,1.7940
404,6.733,4.000,3.958,0.041,0.681,2.0419
405,6.750,4.000,3.942,0.041,0.680,1.9972
406,6.767,4.000,3.966,0.076,0.682,1.8370
407,6.783,4.000,3.978,0.081,0.685,1.7883
408,6.800,4.000,4.016,0.034,0.689,1.7067
409,6.817,4.000,3.948,0.023,0.692,1.7375
410,6.833,4.000,3.921,0.056,0.693,2.1335
411,6.850,4.000,3.935,0.072,0.692,2.2325
412,6.867,4.000,3.959,0.082,0.689,2.2528
413,6.883,4.000,3.980,0.145,0.685,2.0192
414,6.900,4.000,3.937,0.227,0.682,1.9963
415,6.917,4.000,3.930,0.195,0.680,1.8053
416,6.933,4.000,3.938,0.090,0.682,1.8411
417,6.950,4.000,3.957,0.017,0.689,1.7294
418,6.967,4.000,4.004,-0.028,0.697,1.7381
419,6.983,4.000,3.979,0.026,0.704,1.2413
420,7.000,4.000,4.003,0.046,0.708,1.7384
421,7.017,4.000,4.002,0.075,0.709,1.9658
422,7.033,4.000,3.982,0.072,0.710,2.2182
423,7.050,4.000,3.935,0.042,0.708,2.1879
424,7.067,4.000,3.920,-0.002,0.705,2.2574
425,7.083,4.000,3.918,-0.027,0.699,2.2417
426,7.100,4.000,3.923,-0.036,0.691,1.9986
427,7.117,4.000,3.896,-0.028,0.682,2.0016
428,7.133,4.000,3.932,0.022,0.677,1.9576
429,7.150,4.000,3.954,0.067,0.674,2.0061
430,7.167,4.000,3.935,0.094,0.674,1.9237
431,7.183,4.000,3.954,0.114,0.676,1.7659
432,7.200,4.000,3.992,0.091,0.680,1.7211
433,7.217,4.000,4.023,0.035,0.684,1.7078
434,7.233,4.000,3.962,0.045,0.687,1.7071
435,7.250,4.000,3.919,0.082,0.688,2.0863
436,7.267,4.000,3.934,0.091,0.687,2.2304
437,7.283,4.000,3.959,0.113,0.684,2.2173
438,7.300,4.000,3.974,0.179,0.681,1.8894
439,7.317,4.000,3.940,0.250,0.678,1.8730
440,7.333,4.000,3.922,0.252,0.677,1.6625
441,7.350,4.000,3.920,0.151,0.679,1.8491
442,7.367,4.000,3.899,0.068,0.685,1.7062
443,7.383,4.000,4.032,-0.000,0.695,1.6652
444,7.400,4.000,3.984,0.055,0.704,1.2314
445,7.417,4.000,4.011,0.068,0.710,1.7196
446,7.433,4.000,3.984,0.077,0.714,1.8942
447,7.450,4.000,3.974,0.062,0.716,2.1538
448,7.467,4.000,3.948,0.036,0.716,2.2146
449,7.483,4.000,3.935,0.000,0.714,2.2802
450,7.500,4.000,3.933,-0.024,0.710,2.2664
451,7.517,4.000,3.942,-0.036,0.704,2.2950
452,7.533,4.000,3.951,-0.037,0.695,1.9043
453,7.550,4.000,3.945,0.001,0.687,1.9430
454,7.567,4.000,3.965,0.059,0.683,2.0553
455,7.583,4.000,3.966,0.070,0.682,2.0099
456,7.600,4.000,3.972,0.093,0.682,1.9434
457,7.617,4.000,3.993,0.088,0.685,1.8571
458,7.633,4.000,4.027,0.056,0.689,1.7488
459,7.650,4.000,3.952,0.039,0.692,1.7657
460,7.667,4.000,3.926,0.065,0.692,2.1367
461,7.683,4.000,3.937,0.081,0.691,2.2264
462,7.700,4.000,3.953,0.092,0.687,2.2474
463,7.717,4.000,3.965,0.150,0.683,1.6865
464,7.733,4.000,3.925,0.219,0.680,1.7885
465,7.750,4.000,3.905,0.227,0.678,1.5595
466,7.767,4.000,3.913,0.139,0.679,1.8521
467,7.783,4.000,3.871,0.054,0.685,1.6657
468,7.800,4.000,4.015,0.003,0.694,1.6758
469,7.817,4.000,3.955,0.055,0.703,1.3181
470,7.833,4.000,3.982,0.062,0.709,1.7206
471,7.850,4.000,3.944,0.067,0.712,1.8744
472,7.867,4.000,3.929,0.047,0.714,2.0624
473,7.883,4.000,3.921,0.020,0.713,2.1799
474,7.900,4.000,3.916,-0.010,0.711,2.2641
475,7.917,4.000,3.915,-0.031,0.707,2.2567
476,7.933,4.000,3.921,-0.039,0.700,2.2825
477,7.950,4.000,3.917,-0.053,0.691,1.8023
478,7.967,4.000,3.950,0.001,0.684,1.7436
479,7.983,4.000,3.942,0.047,0.681,2.0124
480,8.000,4.000,3.939,0.058,0.680,2.0092
481,8.017,4.000,3.964,0.083,0.681,1.8421
482,8.033,4.000,3.982,0.081,0.684,1.7992
483,8.050,4.000,4.021,0.032,0.688,1.7151
484,8.067,4.000,3.953,0.025,0.691,1.7346
485,8.083,4.000,3.925,0.060,0.691,2.1278
486,8.100,4.000,3.941,0.074,0.690,2.2376
487,8.117,4.000,3.961,0.085,0.687,2.2480
488,8.133,4.000,3.980,0.150,0.683,1.9763
489,8.150,4.000,3.929,0.229,0.680,1.9714
490,8.167,4.000,3.928,0.203,0.678,1.7962
491,8.183,4.000,3.943,0.104,0.680,1.8395
492,8.200,4.000,3.961,0.032,0.686,1.7205
493,8.217,4.000,4.012,-0.018,0.695,1.6878
494,8.233,4.000,3.990,0.040,0.702,1.2173
495,8.250,4.000,4.020,0.060,0.707,1.7005
496,8.267,4.000,4.016,0.080,0.710,1.9366
497,8.283,4.000,3.996,0.072,0.711,2.2160
498,8.300,4.000,3.954,0.043,0.710,2.2202
499,8.317,4.000,3.938,0.000,0.707,2.2763
500,8.333,4.000,3.933,-0.023,0.702,2.2448
501,8.350,4.000,3.942,-0.031,0.694,2.2814
502,8.367,4.000,3.898,-0.051,0.685,1.9283
503,8.383,4.000,3.961,0.033,0.678,1.8561
504,8.400,4.000,3.971,0.099,0.675,1.9587
505,8.417,4.000,3.958,0.111,0.674,1.8961
506,8.433,4.000,3.961,0.127,0.675,1.7427
507,8.450,4.000,4.006,0.097,0.678,1.7531
508,8.467,4.000,4.050,0.033,0.682,1.6813
509,8.483,4.000,3.987,0.030,0.685,1.6496
510,8.500,4.000,3.953,0.070,0.685,2.0929
511,8.517,4.000,3.965,0.089,0.683,2.2242
512,8.533,4.000,3.983,0.109,0.680,2.2036
513,8.550,4.000,3.979,0.173,0.677,1.7726
514,8.567,4.000,3.960,0.234,0.674,1.7403
515,8.583,4.000,3.927,0.219,0.673,1.7077
516,8.600,4.000,3.939,0.125,0.676,1.8280
517,8.617,4.000,3.928,0.053,0.683,1.7280
518,8.633,4.000,4.010,0.004,0.693,1.7210
519,8.650,4.000,4.001,0.047,0.702,1.2642
520,8.667,4.000,4.031,0.054,0.708,1.7233
521,8.683,4.000,4.009,0.061,0.711,1.9053
522,8.700,4.000,3.993,0.043,0.713,2.1620
523,8.717,4.000,3.974,0.017,0.713,2.2503
524,8.733,4.000,3.965,-0.019,0.711,2.3029
525,8.750,4.000,3.961,-0.043,0.707,2.2836
526,8.767,4.000,3.975,-0.056,0.700,2.3137
527,8.783,4.000,3.973,-0.060,0.691,1.8307
528,8.800,4.000,3.963,-0.010,0.684,1.8754
529,8.817,4.000,3.968,0.056,0.681,2.0632
530,8.833,4.000,3.974,0.061,0.680,2.0472
531,8.850,4.000,3.988,0.096,0.681,1.9295
532,8.867,4.000,4.014,0.088,0.684,1.8253
533,8.883,4.000,4.039,0.055,0.689,1.7201
534,8.900,4.000,3.971,0.032,0.692,1.7757
535,8.917,4.000,3.945,0.064,0.693,2.1276
536,8.933,4.000,3.961,0.080,0.692,2.2358
537,8.950,4.000,3.971,0.085,0.689,2.2537
538,8.967,4.000,3.982,0.144,0.685,1.7509
539,8.983,4.000,3.940,0.210,0.682,1.8740
540,9.000,4.000,3.929,0.224,0.681,1.8229
541,9.017,4.000,3.927,0.119,0.683,1.8802
542,9.033,4.000,3.889,0.033,0.688,1.6775
543,9.050,4.000,3.989,-0.031,0.697,1.7198
544,9.067,4.000,3.977,0.030,0.705,1.2422
545,9.083,4.000,4.004,0.037,0.710,1.7757
546,9.100,4.000,3.974,0.043,0.713,1.9174
547,9.117,4.000,3.950,0.022,0.715,2.1126
548,9.133,4.000,3.940,-0.002,0.714,2.2350
549,9.150,4.000,3.931,-0.035,0.711,2.2828
550,9.167,4.000,3.929,-0.055,0.706,2.2616
551,9.183,4.000,3.936,-0.063,0.699,2.2965
552,9.200,4.000,3.928,-0.072,0.689,1.7546
553,9.217,4.000,3.946,-0.005,0.682,1.7203
554,9.233,4.000,3.934,0.052,0.679,1.9641
555,9.250,4.000,3.956,0.074,0.678,1.9308
556,9.267,4.000,3.967,0.089,0.679,1.8348
557,9.283,4.000,3.996,0.078,0.682,1.8441
558,9.300,4.000,4.030,0.036,0.686,1.7213
559,9.317,4.000,3.959,0.020,0.690,1.7326
560,9.333,4.000,3.934,0.053,0.690,2.1196
561,9.350,4.000,3.950,0.069,0.689,2.2340
562,9.367,4.000,3.966,0.078,0.686,2.2419
563,9.383,4.000,3.977,0.141,0.682,1.9927
564,9.400,4.000,3.932,0.220,0.679,1.9933
565,9.417,4.000,3.924,0.206,0.677,1.7903
566,9.433,4.000,3.938,0.108,0.679,1.8212
567,9.450,4.000,3.940,0.029,0.685,1.6832
568,9.467,4.000,4.004,-0.030,0.695,1.7132
569,9.483,4.000,3.979,0.025,0.702,1.2293
570,9.500,4.000,4.015,0.043,0.707,1.6973
571,9.517,4.000,4.007,0.061,0.710,1.9374
572,9.533,4.000,3.986,0.049,0.712,2.1995
573,9.550,4.000,3.953,0.022,0.711,2.2334
574,9.567,4.000,3.938,-0.018,0.709,2.2793
575,9.583,4.000,3.932,-0.039,0.704,2.2454
576,9.600,4.000,3.941,-0.045,0.697,2.2823
577,9.617,4.000,3.927,-0.053,0.687,1.7214
578,9.633,4.000,3.960,0.026,0.681,1.6646
579,9.650,4.000,3.957,0.083,0.677,2.0103
580,9.667,4.000,3.962,0.103,0.677,1.9354
581,9.683,4.000,3.974,0.117,0.678,1.7904
582,9.700,4.000,3.998,0.111,0.682,1.7992
583,9.717,4.000,4.036,0.056,0.686,1.7023
584,9.733,4.000,3.971,0.037,0.690,1.7168
585,9.750,4.000,3.943,0.069,0.690,2.1164
586,9.767,4.000,3.960,0.084,0.689,2.2351
587,9.783,4.000,3.976,0.096,0.687,2.2295
588,9.800,4.000,3.987,0.164,0.683,1.9430
589,9.817,4.000,3.942,0.241,0.680,2.0082
590,9.833,4.000,3.942,0.238,0.678,1.7739
591,9.850,4.000,3.952,0.136,0.680,1.8442
592,9.867,4.000,3.946,0.051,0.687,1.6959
593,9.883,4.000,4.016,-0.016,0.696,1.7321
594,9.900,4.000,3.990,0.035,0.703,1.2722
595,9.917,4.000,4.022,0.052,0.708,1.7018
596,9.933,4.000,4.014,0.070,0.711,1.9409
597,9.950,4.000,3.990,0.057,0.712,2.1932
598,9.967,4.000,3.960,0.031,0.711,2.2438
599,9.983,4.000,3.946,-0.008,0.708,2.2865
600,10.000,4.000,3.941,-0.029,0.703,2.2545
601,10.017,4.000,3.952,-0.036,0.696,2.2939
602,10.033,4.000,3.930,-0.046,0.686,1.6758
603,10.050,4.000,3.969,0.040,0.680,1.5928
604,10.067,4.000,3.959,0.092,0.677,1.9946
605,10.083,4.000,3.968,0.107,0.676,1.9388
606,10.100,4.000,3.983,0.119,0.678,1.7950
607,10.117,4.000,4.011,0.110,0.681,1.7933
608,10.133,4.000,4.047,0.055,0.685,1.6841
609,10.150,4.000,3.985,0.037,0.688,1.7075
610,10.167,4.000,3.956,0.070,0.689,2.1110
611,10.183,4.000,3.973,0.087,0.688,2.2358
612,10.200,4.000,3.988,0.100,0.685,2.2223
613,10.217,4.000,3.990,0.169,0.682,1.8528
614,10.233,4.000,3.963,0.236,0.679,1.8852
615,10.250,4.000,3.951,0.228,0.678,1.6944
616,10.267,4.000,3.950,0.124,0.681,1.8360
617,10.283,4.000,3.950,0.048,0.688,1.7525
618,10.300,4.000,4.019,-0.003,0.697,1.7797
619,10.317,4.000,3.992,0.038,0.703,1.3554
620,10.333,4.000,4.018,0.056,0.707,1.7232
621,10.350,4.000,4.009,0.072,0.709,1.9434
622,10.367,4.000,3.982,0.054,0.710,2.1654
623,10.383,4.000,3.957,0.025,0.708,2.2333
624,10.400,4.000,3.946,-0.014,0.705,2.2883
625,10.417,4.000,3.943,-0.037,0.699,2.2703
626,10.433,4.000,3.952,-0.043,0.691,2.0221
627,10.450,4.000,3.918,-0.033,0.683,2.0399
628,10.467,4.000,3.944,0.022,0.678,1.9621
629,10.483,4.000,3.961,0.086,0.675,2.0256
630,10.500,4.000,3.941,0.097,0.676,1.9614
631,10.517,4.000,3.970,0.106,0.678,1.7944
632,10.533,4.000,3.999,0.096,0.682,1.7646
633,10.550,4.000,4.028,0.043,0.687,1.7300
634,10.567,4.000,3.968,0.052,0.690,1.7224
635,10.583,4.000,3.936,0.087,0.691,2.1155
636,10.600,4.000,3.956,0.100,0.690,2.2448
637,10.617,4.000,3.976,0.110,0.688,2.2357
638,10.633,4.000,3.984,0.179,0.684,1.8930
639,10.650,4.000,3.939,0.248,0.681,1.9349
640,10.667,4.000,3.930,0.243,0.680,1.6860
641,10.683,4.000,3.935,0.139,0.682,1.8420
642,10.700,4.000,3.934,0.057,0.689,1.7212
643,10.717,4.000,4.013,0.009,0.698,1.7770
644,10.733,4.000,3.983,0.056,0.705,1.3145
645,10.750,4.000,4.008,0.073,0.709,1.7271
646,10.767,4.000,4.006,0.089,0.711,1.9416
647,10.783,4.000,3.977,0.072,0.712,2.1674
648,10.800,4.000,3.945,0.039,0.711,2.2090
649,10.817,4.000,3.932,-0.002,0.707,2.2759
650,10.833,4.000,3.927,-0.024,0.702,2.2564
651,10.850,4.000,3.937,-0.030,0.694,2.1318
652,10.867,4.000,3.901,-0.027,0.686,2.0740
653,10.883,4.000,3.940,0.032,0.680,1.9548
654,10.900,4.000,3.963,0.095,0.677,2.0147
655,10.917,4.000,3.938,0.114,0.677,1.9096
656,10.933,4.000,3.963,0.118,0.679,1.7722
657,10.950,4.000,3.994,0.101,0.683,1.7476
658,10.967,4.000,4.020,0.044,0.687,1.7260
659,10.983,4.000,3.962,0.049,0.690,1.7021
660,11.000,4.000,3.932,0.080,0.690,2.1217
661,11.017,4.000,3.951,0.092,0.689,2.2420
662,11.033,4.000,3.971,0.107,0.686,2.2171
663,11.050,4.000,3.972,0.179,0.682,1.9659
664,11.067,4.000,3.929,0.247,0.679,1.9546
665,11.083,4.000,3.915,0.232,0.677,1.7454
666,11.100,4.000,3.926,0.135,0.680,1.8256
667,11.117,4.000,3.941,0.057,0.686,1.7108
668,11.133,4.000,4.013,0.006,0.695,1.7356
669,11.150,4.000,3.986,0.059,0.703,1.2573
670,11.167,4.000,4.013,0.076,0.707,1.7068
671,11.183,4.000,4.013,0.092,0.710,1.9209
672,11.200,4.000,3.989,0.077,0.711,2.1785
673,11.217,4.000,3.953,0.042,0.710,2.2031
674,11.233,4.000,3.939,-0.001,0.707,2.2790
675,11.250,4.000,3.933,-0.022,0.702,2.2533
676,11.267,4.000,3.943,-0.029,0.694,2.2911
677,11.283,4.000,3.888,-0.050,0.685,1.9289
678,11.300,4.000,3.960,0.034,0.679,1.8664
679,11.317,4.000,3.975,0.101,0.675,1.9160
680,11.333,4.000,3.958,0.118,0.674,1.8396
681,11.350,4.000,3.964,0.129,0.675,1.7676
682,11.367,4.000,4.009,0.099,0.678,1.7663
683,11.383,4.000,4.049,0.036,0.682,1.6785
684,11.400,4.000,3.987,0.032,0.684,1.6534
685,11.417,4.000,3.958,0.067,0.684,2.1176
686,11.433,4.000,3.974,0.087,0.683,2.2366
687,11.450,4.000,3.985,0.110,0.680,2.1799
688,11.467,4.000,3.974,0.177,0.676,2.0179
689,11.483,4.000,3.960,0.250,0.672,1.9115
690,11.500,4.000,3.937,0.216,0.671,1.7630
691,11.517,4.000,3.956,0.140,0.675,1.8322
692,11.533,4.000,3.969,0.081,0.682,1.7057
693,11.550,4.000,4.028,0.023,0.692,1.7403
694,11.567,4.000,4.007,0.050,0.699,1.2983
695,11.583,4.000,4.036,0.056,0.703,1.6751
696,11.600,4.000,4.028,0.068,0.706,1.9056
697,11.617,4.000,4.012,0.050,0.707,2.1772
698,11.633,4.000,3.984,0.021,0.707,2.2417
699,11.650,4.000,3.972,-0.019,0.704,2.2972
700,11.667,4.000,3.966,-0.041,0.699,2.2701
701,11.683,4.000,3.981,-0.049,0.691,2.3052
702,11.700,4.000,3.918,-0.067,0.683,1.9542
703,11.717,4.000,3.973,0.026,0.676,1.8579
704,11.733,4.000,3.978,0.104,0.673,1.9932
705,11.750,4.000,3.963,0.109,0.672,1.9561
706,11.767,4.000,3.973,0.125,0.673,1.7726
707,11.783,4.000,4.024,0.100,0.676,1.7810
708,11.800,4.000,4.058,0.045,0.681,1.6844
709,11.817,4.000,4.003,0.033,0.684,1.7122
710,11.833,4.000,3.979,0.070,0.685,2.1136
711,11.850,4.000,3.991,0.092,0.684,2.2367
712,11.867,4.000,3.993,0.105,0.681,2.2073
713,11.883,4.000,3.976,0.172,0.677,1.7873
714,11.900,4.000,3.969,0.226,0.674,1.8307
715,11.917,4.000,3.945,0.207,0.674,1.6778
716,11.933,4.000,3.949,0.122,0.677,1.8388
717,11.950,4.000,3.930,0.061,0.685,1.7105
718,11.967,4.000,4.007,0.023,0.694,1.8520
719,11.983,4.000,3.996,0.035,0.700,1.5120
720,12.000,4.000,4.023,0.039,0.704,1.7336
721,12.017,4.000,4.002,0.040,0.706,1.9259
722,12.033,4.000,3.980,0.014,0.706,2.1208
723,12.050,4.000,3.968,-0.014,0.704,2.2390
724,12.067,4.000,3.961,-0.051,0.701,2.2972
725,12.083,4.000,3.961,-0.075,0.695,2.2936
726,12.100,4.000,3.972,-0.080,0.686,1.9668
727,12.117,4.000,3.937,-0.054,0.678,1.9998
728,12.133,4.000,3.946,0.005,0.674,1.9753
729,12.150,4.000,3.958,0.074,0.672,2.0244
730,12.167,4.000,3.948,0.090,0.673,1.9624
731,12.183,4.000,3.974,0.104,0.676,1.8218
732,12.200,4.000,4.005,0.093,0.680,1.7655
733,12.217,4.000,4.035,0.045,0.686,1.7088
734,12.233,4.000,3.976,0.046,0.690,1.7443
735,12.250,4.000,3.952,0.083,0.692,2.1328
736,12.267,4.000,3.965,0.101,0.692,2.2456
737,12.283,4.000,3.981,0.102,0.690,2.2556
738,12.300,4.000,3.988,0.164,0.687,1.6671
739,12.317,4.000,3.953,0.233,0.685,1.8157
740,12.333,4.000,3.936,0.236,0.684,1.6801
741,12.350,4.000,3.932,0.131,0.687,1.8875
742,12.367,4.000,3.898,0.047,0.694,1.6775
743,12.383,4.000,4.007,0.001,0.702,1.8460
744,12.400,4.000,3.974,0.037,0.708,1.4425
745,12.417,4.000,3.996,0.051,0.712,1.7362
746,12.433,4.000,3.990,0.065,0.713,1.9881
747,12.450,4.000,3.961,0.041,0.713,2.1406
748,12.467,4.000,3.934,0.011,0.711,2.2216
749,12.483,4.000,3.921,-0.028,0.707,2.2648
750,12.500,4.000,3.916,-0.047,0.701,2.2529
751,12.517,4.000,3.929,-0.047,0.692,2.0037
752,12.533,4.000,3.900,-0.034,0.684,2.0191
753,12.550,4.000,3.926,0.026,0.678,1.9729
754,12.567,4.000,3.939,0.083,0.675,2.0267
755,12.583,4.000,3.918,0.106,0.675,1.9350
756,12.600,4.000,3.948,0.117,0.677,1.7889
757,12.617,4.000,3.979,0.105,0.680,1.7717
758,12.633,4.000,4.014,0.045,0.685,1.7118
759,12.650,4.000,3.950,0.041,0.688,1.6747
760,12.667,4.000,3.921,0.072,0.689,2.1225
761,12.683,4.000,3.942,0.087,0.688,2.2360
762,12.700,4.000,3.955,0.101,0.685,2.2230
763,12.717,4.000,3.953,0.172,0.681,1.9272
764,12.733,4.000,3.908,0.239,0.678,1.9641
765,12.750,4.000,3.897,0.230,0.677,1.7510
766,12.767,4.000,3.913,0.142,0.679,1.8319
767,12.783,4.000,3.912,0.070,0.686,1.6979
768,12.800,4.000,4.000,0.003,0.695,1.6902
769,12.817,4.000,3.978,0.067,0.703,1.1817
770,12.833,4.000,4.006,0.078,0.709,1.6793
771,12.850,4.000,4.007,0.091,0.713,1.8746
772,12.867,4.000,3.990,0.074,0.714,2.1766
773,12.883,4.000,3.960,0.038,0.714,2.2172
774,12.900,4.000,3.945,-0.004,0.713,2.2876
775,12.917,4.000,3.934,-0.025,0.708,2.2540
776,12.933,4.000,3.942,-0.028,0.701,2.2691
777,12.950,4.000,3.945,-0.026,0.692,1.8572
778,12.967,4.000,3.950,0.024,0.685,1.8686
779,12.983,4.000,3.954,0.090,0.682,2.0002
780,13.000,4.000,3.958,0.113,0.681,1.9095
781,13.017,4.000,3.968,0.131,0.682,1.8621
782,13.033,4.000,3.988,0.135,0.684,1.8610
783,13.050,4.000,4.026,0.084,0.688,1.7410
784,13.067,4.000,3.952,0.049,0.691,1.7303
785,13.083,4.000,3.939,0.068,0.691,2.1322
786,13.100,4.000,3.951,0.085,0.689,2.2283
787,13.117,4.000,3.962,0.100,0.686,2.2137
788,13.133,4.000,3.960,0.172,0.681,1.7582
789,13.150,4.000,3.919,0.236,0.678,1.8868
790,13.167,4.000,3.899,0.245,0.676,1.5818
791,13.183,4.000,3.911,0.167,0.678,1.8610
792,13.200,4.000,3.862,0.089,0.683,1.6321
793,13.217,4.000,4.012,0.051,0.693,1.6704
794,13.233,4.000,3.957,0.091,0.701,1.3614
795,13.250,4.000,3.975,0.078,0.707,1.6963
796,13.267,4.000,3.951,0.076,0.711,1.8400
797,13.283,4.000,3.943,0.052,0.712,2.0350
798,13.300,4.000,3.941,0.019,0.712,2.1908
799,13.317,4.000,3.936,-0.013,0.710,2.2850
800,13.333,4.000,3.929,-0.034,0.705,2.2745
801,13.350,4.000,3.932,-0.040,0.698,2.2847
802,13.367,4.000,3.928,-0.050,0.689,1.8266
803,13.383,4.000,3.957,0.031,0.683,1.7094
804,13.400,4.000,3.929,0.088,0.680,2.0230
805,13.417,4.000,3.921,0.103,0.679,1.9973
806,13.433,4.000,3.956,0.120,0.680,1.8125
807,13.450,4.000,3.980,0.128,0.682,1.7831
808,13.467,4.000,4.024,0.076,0.686,1.6953
809,13.483,4.000,3.964,0.051,0.689,1.7452
810,13.500,4.000,3.946,0.079,0.689,2.1443
811,13.517,4.000,3.966,0.095,0.687,2.2502
812,13.533,4.000,3.976,0.107,0.684,2.2376
813,13.550,4.000,3.973,0.178,0.680,1.8868
814,13.567,4.000,3.948,0.228,0.677,1.9472
815,13.583,4.000,3.927,0.217,0.676,1.7448
816,13.600,4.000,3.932,0.127,0.678,1.7965
817,13.617,4.000,3.932,0.063,0.686,1.6870
818,13.633,4.000,4.000,0.019,0.695,1.7763
819,13.650,4.000,3.980,0.062,0.702,1.3348
820,13.667,4.000,4.008,0.076,0.706,1.7227
821,13.683,4.000,4.002,0.086,0.709,1.9005
822,13.700,4.000,3.977,0.064,0.710,2.1477
823,13.717,4.000,3.960,0.028,0.709,2.2348
824,13.733,4.000,3.953,-0.010,0.706,2.2919
825,13.750,4.000,3.948,-0.029,0.701,2.2593
826,13.767,4.000,3.961,-0.034,0.693,2.2397
827,13.783,4.000,3.910,-0.034,0.685,2.0912
828,13.800,4.000,3.953,0.038,0.679,1.9285
829,13.817,4.000,3.961,0.110,0.676,1.9642
830,13.833,4.000,3.945,0.122,0.676,1.8664
831,13.850,4.000,3.967,0.126,0.678,1.7811
832,13.867,4.000,4.001,0.112,0.681,1.7797
833,13.883,4.000,4.039,0.056,0.686,1.7131
834,13.900,4.000,3.983,0.048,0.689,1.7034
835,13.917,4.000,3.957,0.080,0.690,2.1229
836,13.933,4.000,3.974,0.097,0.689,2.2450
837,13.950,4.000,3.983,0.110,0.686,2.2252
838,13.967,4.000,3.982,0.179,0.682,1.8699
839,13.983,4.000,3.949,0.246,0.679,1.9591
840,14.000,4.000,3.933,0.235,0.678,1.7176
841,14.017,4.000,3.940,0.145,0.680,1.8464
842,14.033,4.000,3.919,0.069,0.687,1.7053
843,14.050,4.000,4.009,0.020,0.697,1.7663
844,14.067,4.000,3.988,0.060,0.704,1.3349
845,14.083,4.000,4.010,0.063,0.709,1.7009
846,14.100,4.000,4.003,0.070,0.712,1.8962
847,14.117,4.000,3.983,0.046,0.714,2.1491
848,14.133,4.000,3.967,0.013,0.713,2.2462
849,14.150,4.000,3.956,-0.024,0.710,2.2945
850,14.167,4.000,3.949,-0.043,0.705,2.2669
851,14.183,4.000,3.961,-0.046,0.698,2.3013
852,14.200,4.000,3.950,-0.051,0.689,1.7557
853,14.217,4.000,3.963,0.034,0.682,1.7053
854,14.233,4.000,3.940,0.106,0.679,2.0274
855,14.250,4.000,3.939,0.125,0.678,1.9662
856,14.267,4.000,3.964,0.133,0.679,1.8348
857,14.283,4.000,3.998,0.125,0.681,1.8361
858,14.300,4.000,4.039,0.070,0.685,1.7217
859,14.317,4.000,3.980,0.043,0.687,1.7430
860,14.333,4.000,3.962,0.070,0.687,2.1380
861,14.350,4.000,3.975,0.088,0.686,2.2437
862,14.367,4.000,3.974,0.108,0.682,2.1873
863,14.383,4.000,3.965,0.187,0.678,1.9459
864,14.400,4.000,3.935,0.228,0.675,1.9435
865,14.417,4.000,3.927,0.222,0.674,1.6537
866,14.433,4.000,3.930,0.142,0.677,1.8584
867,14.450,4.000,3.908,0.074,0.684,1.7081
868,14.467,4.000,3.995,0.025,0.694,1.7256
869,14.483,4.000,3.983,0.069,0.702,1.3053
870,14.500,4.000,4.008,0.066,0.708,1.6956
871,14.517,4.000,3.990,0.060,0.712,1.8239
872,14.533,4.000,3.978,0.031,0.714,2.1255
873,14.550,4.000,3.974,-0.001,0.714,2.2566
874,14.567,4.000,3.966,-0.036,0.712,2.3033
875,14.583,4.000,3.960,-0.054,0.708,2.2746
876,14.600,4.000,3.973,-0.059,0.701,2.3021
877,14.617,4.000,3.977,-0.054,0.692,1.8840
878,14.633,4.000,3.955,0.004,0.685,1.9097
879,14.650,4.000,3.955,0.085,0.681,2.0759
880,14.667,4.000,3.945,0.094,0.680,2.0456
881,14.683,4.000,3.966,0.125,0.681,1.9493
882,14.700,4.000,4.000,0.125,0.683,1.8601
883,14.717,4.000,4.028,0.089,0.688,1.7429
884,14.733,4.000,3.962,0.054,0.690,1.8055
885,14.750,4.000,3.948,0.070,0.691,2.1527
886,14.767,4.000,3.960,0.083,0.689,2.2456
887,14.783,4.000,3.967,0.092,0.686,2.2299
888,14.800,4.000,3.960,0.158,0.681,1.7050
889,14.817,4.000,3.938,0.212,0.678,1.9237
890,14.833,4.000,3.921,0.221,0.676,1.6136
891,14.850,4.000,3.919,0.140,0.678,1.8615
892,14.867,4.000,3.886,0.070,0.684,1.6837
893,14.883,4.000,3.991,0.015,0.694,1.6995
894,14.900,4.000,3.962,0.063,0.703,1.3257
895,14.917,4.000,3.987,0.055,0.708,1.7084
896,14.933,4.000,3.965,0.051,0.712,1.8228
897,14.950,4.000,3.961,0.024,0.714,2.1115
898,14.967,4.000,3.957,-0.006,0.714,2.2408
899,14.983,4.000,3.949,-0.038,0.712,2.2965
900,15.000,0.000,3.942,-0.055,0.707,0.7913
901,15.017,0.000,3.864,0.057,0.701,-0.7761
902,15.033,0.000,3.725,0.110,0.697,-0.6622
903,15.050,0.000,3.665,0.149,0.694,-0.3146
904,15.067,0.000,3.683,0.219,0.688,-0.4536
905,15.083,0.000,3.694,0.295,0.679,-0.1015
906,15.100,0.000,3.672,0.276,0.666,0.1445
907,15.117,0.000,3.727,0.223,0.649,-0.2257
908,15.133,0.000,3.811,0.393,0.630,-0.1844
909,15.150,0.000,3.626,0.481,0.608,0.0753
910,15.167,0.000,3.609,0.553,0.585,-0.3013
911,15.183,0.000,3.435,0.457,0.561,-0.6814
912,15.200,0.000,3.284,0.356,0.540,-0.3523
913,15.217,0.000,2.776,0.244,0.523,-1.8094
914,15.233,0.000,2.431,0.072,0.513,-1.0397
915,15.250,0.000,2.087,-0.038,0.509,-0.5132
916,15.267,0.000,1.694,-0.160,0.510,-0.4061
917,15.283,0.000,1.282,-0.214,0.515,-0.0101
918,15.300,0.000,0.827,-0.273,0.525,-0.3401
919,15.317,0.000,0.464,-0.252,0.538,0.4070
920,15.333,0.000,0.335,-0.112,0.552,0.7474
921,15.350,0.000,0.223,0.001,0.567,1.3647
922,15.367,0.000,0.192,0.020,0.581,1.4229
923,15.383,0.000,0.225,0.017,0.593,1.3385
924,15.400,0.000,0.228,-0.024,0.605,1.5558
925,15.417,0.000,0.262,-0.075,0.615,1.5808
926,15.433,0.000,0.281,-0.107,0.625,1.5305
927,15.450,0.000,0.299,-0.157,0.634,1.5690
928,15.467,0.000,0.300,-0.202,0.642,1.5704
929,15.483,0.000,0.301,-0.230,0.649,1.6016
930,15.500,0.000,0.322,-0.261,0.656,1.5714
931,15.517,0.000,0.347,-0.292,0.662,1.5058
932,15.533,0.000,0.355,-0.328,0.667,1.4664
933,15.550,0.000,0.344,-0.380,0.671,1.4752
934,15.567,0.000,0.335,-0.423,0.674,1.4764
935,15.583,0.000,0.321,-0.458,0.677,1.4890
936,15.600,0.000,0.321,-0.466,0.679,1.4795
937,15.617,0.000,0.353,-0.433,0.680,1.3378
938,15.633,0.000,0.374,-0.388,0.681,1.2770
939,15.650,0.000,0.381,-0.262,0.681,1.0644
940,15.667,0.000,0.434,-0.150,0.680,0.9989
941,15.683,0.000,0.425,-0.080,0.680,1.0902
942,15.700,0.000,0.407,-0.033,0.679,1.1316
943,15.717,0.000,0.371,-0.016,0.679,1.0507
944,15.733,0.000,0.415,-0.019,0.678,1.0929
945,15.750,0.000,0.487,-0.016,0.676,0.7177
946,15.767,0.000,0.413,-0.045,0.673,0.1999
947,15.783,0.000,0.302,-0.181,0.672,1.2217
948,15.800,0.000,0.293,-0.215,0.673,1.2706
949,15.817,0.000,0.308,-0.252,0.673,1.1648
950,15.833,0.000,0.317,-0.276,0.674,1.0377
951,15.850,0.000,0.325,-0.291,0.675,0.9618
952,15.867,0.000,0.334,-0.307,0.676,0.9818
953,15.883,0.000,0.344,-0.328,0.676,1.0621
954,15.900,0.000,0.354,-0.356,0.677,1.1400
955,15.917,0.000,0.349,-0.394,0.677,1.2217
956,15.933,0.000,0.356,-0.429,0.677,1.2262
957,15.950,0.000,0.369,-0.449,0.677,1.1740
958,15.967,0.000,0.394,-0.460,0.676,0.9700
959,15.983,0.000,0.410,-0.452,0.675,0.7856
960,16.000,0.000,0.435,-0.393,0.672,0.7695
961,16.017,0.000,0.428,-0.321,0.669,0.5674
962,16.033,0.000,0.315,-0.181,0.666,0.9136
963,16.050,0.000,0.276,-0.049,0.665,1.0597
964,16.067,0.000,0.257,0.029,0.664,1.1042
965,16.083,0.000,0.236,0.089,0.664,1.0734
966,16.100,0.000,0.245,0.126,0.664,1.0629
967,16.117,0.000,0.272,0.155,0.663,1.0632
968,16.133,0.000,0.309,0.188,0.661,1.0450
969,16.150,0.000,0.303,0.203,0.658,1.0903
970,16.167,0.000,0.170,0.121,0.656,1.8495
971,16.183,0.000,0.105,0.061,0.657,2.0033
972,16.200,0.000,0.057,0.022,0.659,2.0534
973,16.217,0.000,0.044,0.008,0.662,1.9918
974,16.233,0.000,0.045,-0.007,0.666,1.9421
975,16.250,0.000,0.053,-0.036,0.670,2.0122
976,16.267,0.000,0.067,-0.049,0.673,2.1171
977,16.283,0.000,0.080,-0.067,0.675,2.1406
978,16.300,0.000,0.101,-0.044,0.677,2.0736
979,16.317,0.000,0.093,-0.058,0.678,2.1459
980,16.333,0.000,0.091,-0.074,0.679,2.1581
981,16.350,0.000,0.087,-0.085,0.680,2.1615
982,16.367,0.000,0.081,-0.095,0.681,2.1743
983,16.383,0.000,0.072,-0.103,0.682,2.1912
984,16.400,0.000,0.071,-0.098,0.682,2.1913
985,16.417,0.000,0.073,-0.089,0.682,2.2069
986,16.433,0.000,0.069,-0.078,0.682,2.2172
987,16.450,0.000,0.060,-0.060,0.681,2.2200
988,16.467,0.000,0.041,-0.026,0.681,2.2413
989,16.483,0.000,0.026,-0.002,0.680,2.2517
990,16.500,0.000,0.007,0.011,0.680,2.2446
991,16.517,0.000,0.000,0.028,0.679,2.2599
992,16.533,0.000,-0.002,0.039,0.679,2.2652
993,16.550,0.000,-0.005,0.048,0.679,2.2677
994,16.567,0.000,-0.009,0.052,0.678,2.2697
995,16.583,0.000,-0.006,0.050,0.678,2.2741
996,16.600,0.000,-0.004,0.039,0.677,2.2701
997,16.617,0.000,0.009,0.017,0.677,2.2537
998,16.633,0.000,0.025,-0.036,0.676,2.2148
999,16.650,0.000,0.028,-0.075,0.676,2.2243
1000,16.667,0.000,0.021,-0.107,0.676,2.2354
1001,16.683,0.000,0.012,-0.124,0.677,2.2464
1002,16.700,0.000,0.007,-0.123,0.678,2.2573
1003,16.717,0.000,-0.004,-0.113,0.679,2.2679
1004,16.733,0.000,-0.023,-0.109,0.680,2.2754
1005,16.750,0.000,-0.036,-0.096,0.680,2.2816
1006,16.767,0.000,-0.042,-0.077,0.680,2.2894
1007,16.783,0.000,-0.047,-0.060,0.680,2.2973
1008,16.800,0.000,-0.054,-0.041,0.679,2.2964
1009,16.817,0.000,-0.063,-0.024,0.678,2.2968
1010,16.833,0.000,-0.071,-0.010,0.677,2.2927
1011,16.850,0.000,-0.074,0.004,0.676,2.2476
1012,16.867,0.000,-0.096,0.013,0.674,2.2340
1013,16.883,0.000,-0.118,0.015,0.673,2.2101
1014,16.900,0.000,-0.098,0.014,0.672,2.2019
1015,16.917,0.000,-0.095,0.006,0.670,2.2156
1016,16.933,0.000,-0.086,0.005,0.669,2.2436
1017,16.950,0.000,-0.073,-0.011,0.668,2.2506
1018,16.967,0.000,-0.052,-0.053,0.667,2.2505
1019,16.983,0.000,-0.027,-0.129,0.665,2.1844
1020,17.000,0.000,-0.017,-0.202,0.664,2.1460
1021,17.017,0.000,-0.007,-0.229,0.663,2.1649
1022,17.033,0.000,-0.013,-0.208,0.662,2.1589
1023,17.050,0.000,-0.046,-0.180,0.661,2.0669
1024,17.067,0.000,-0.072,-0.132,0.660,2.1663
1025,17.083,0.000,-0.092,-0.033,0.658,1.7437
1026,17.100,0.000,-0.106,0.055,0.658,1.8340
1027,17.117,0.000,-0.105,0.108,0.658,1.9132
1028,17.133,0.000,-0.090,0.142,0.659,2.0486
1029,17.150,0.000,-0.079,0.165,0.659,2.0229
1030,17.167,0.000,-0.068,0.180,0.660,1.9481
1031,17.183,0.000,-0.057,0.190,0.661,1.8776
1032,17.200,0.000,-0.047,0.195,0.661,1.8021
1033,17.217,0.000,-0.037,0.203,0.661,1.7048
1034,17.233,0.000,-0.031,0.205,0.661,1.6491
1035,17.250,0.000,-0.029,0.215,0.660,1.6440
1036,17.267,0.000,-0.034,0.229,0.659,1.3113
1037,17.283,0.000,-0.031,0.245,0.657,1.4076
1038,17.300,0.000,-0.029,0.251,0.656,1.5607
1039,17.317,0.000,-0.022,0.255,0.654,1.8473
1040,17.333,0.000,-0.021,0.260,0.652,1.9250
1041,17.350,0.000,-0.019,0.265,0.650,1.9793
1042,17.367,0.000,-0.017,0.282,0.648,2.0553
1043,17.383,0.000,-0.018,0.293,0.647,2.1312
1044,17.400,0.000,-0.021,0.286,0.646,2.0506
1045,17.417,0.000,-0.023,0.172,0.645,1.4311
1046,17.433,0.000,-0.031,0.138,0.646,1.2000
1047,17.450,0.000,-0.007,0.192,0.650,1.3513
1048,17.467,0.000,-0.033,0.252,0.654,1.3131
1049,17.483,0.000,-0.166,0.370,0.656,0.6595
1050,17.500,0.000,-0.168,0.244,0.657,0.5698
1051,17.517,0.000,-0.172,0.287,0.658,0.6496
1052,17.533,0.000,-0.099,0.263,0.660,1.3574
1053,17.550,0.000,-0.058,0.220,0.663,1.6074
1054,17.567,0.000,-0.067,0.213,0.668,1.6283
1055,17.583,0.000,-0.092,0.219,0.675,1.6117
1056,17.600,0.000,-0.092,0.255,0.683,1.5772
1057,17.617,0.000,-0.076,0.287,0.691,1.6476
1058,17.633,0.000,-0.082,0.305,0.700,1.7375
1059,17.650,0.000,-0.096,0.324,0.707,1.8447
1060,17.667,0.000,-0.112,0.354,0.713,1.9417
1061,17.683,0.000,-0.118,0.389,0.718,2.1371
1062,17.700,0.000,-0.141,0.423,0.722,2.0918
1063,17.717,0.000,-0.165,0.445,0.723,2.0683
1064,17.733,0.000,-0.192,0.467,0.723,2.0001
1065,17.750,0.000,-0.203,0.473,0.722,1.8808
1066,17.767,0.000,-0.203,0.469,0.718,1.7842
1067,17.783,0.000,-0.199,0.462,0.714,1.6508
1068,17.800,0.000,-0.186,0.456,0.707,1.5014
1069,17.817,0.000,-0.106,0.446,0.702,1.9622
1070,17.833,0.000,-0.040,0.404,0.697,1.8576
1071,17.850,0.000,0.062,0.359,0.693,1.8562
1072,17.867,0.000,0.086,0.375,0.692,1.7138
1073,17.883,0.000,0.064,0.441,0.691,1.4377
1074,17.900,0.000,-0.036,0.460,0.689,1.3088
1075,17.917,0.000,-0.101,0.373,0.685,1.2623
1076,17.933,0.000,-0.120,0.408,0.678,1.2439
1077,17.950,0.000,-0.037,0.424,0.673,1.8577
1078,17.967,0.000,-0.018,0.398,0.669,1.9597
1079,17.983,0.000,-0.024,0.356,0.666,2.0386
1080,18.000,0.000,-0.035,0.368,0.664,2.1273
1081,18.017,0.000,-0.039,0.374,0.662,2.1988
1082,18.033,0.000,-0.027,0.405,0.659,2.1877
1083,18.050,0.000,-0.005,0.451,0.655,1.9277
1084,18.067,0.000,0.054,0.496,0.651,1.7147
1085,18.083,0.000,-0.005,0.480,0.649,2.0874
1086,18.100,0.000,-0.036,0.423,0.648,2.1956
1087,18.117,0.000,-0.051,0.376,0.648,2.1975
1088,18.133,0.000,-0.055,0.353,0.650,2.1701
1089,18.150,0.000,-0.054,0.329,0.652,2.1754
1090,18.167,0.000,-0.039,0.311,0.655,2.1939
1091,18.183,0.000,-0.025,0.285,0.658,2.2125
1092,18.200,0.000,0.018,0.296,0.662,2.2300
1093,18.217,0.000,0.054,0.326,0.665,2.1880
1094,18.233,0.000,0.083,0.351,0.668,2.1619
1095,18.250,0.000,0.087,0.333,0.670,2.2306
1096,18.267,0.000,0.086,0.315,0.672,2.2444
1097,18.283,0.000,0.076,0.295,0.674,2.2733
1098,18.300,0.000,0.071,0.283,0.675,2.2779
1099,18.317,0.000,0.074,0.278,0.677,2.2534
1100,18.333,0.000,0.075,0.267,0.678,2.2415
1101,18.350,0.000,0.072,0.270,0.679,2.2403
1102,18.367,0.000,0.065,0.270,0.680,2.2689
1103,18.383,0.000,0.054,0.263,0.680,2.2641
1104,18.400,0.000,0.039,0.253,0.681,2.2789
1105,18.417,0.000,0.026,0.236,0.681,2.2798
1106,18.433,0.000,0.018,0.218,0.682,2.2820
1107,18.450,0.000,0.017,0.199,0.682,2.2999
1108,18.467,0.000,0.020,0.174,0.681,2.3018
1109,18.483,0.000,0.017,0.137,0.681,2.2780
1110,18.500,0.000,0.021,0.082,0.680,2.0958
1111,18.517,0.000,0.021,0.036,0.679,2.1360
1112,18.533,0.000,0.029,0.074,0.677,1.6023
1113,18.550,0.000,0.010,0.108,0.675,2.1299
1114,18.567,0.000,0.019,0.130,0.674,2.2343
1115,18.583,0.000,0.035,0.161,0.672,1.4991
1116,18.600,0.000,0.110,0.204,0.671,2.0135
1117,18.617,0.000,0.082,0.188,0.671,1.9300
1118,18.633,0.000,0.045,0.157,0.671,2.2829
1119,18.650,0.000,0.026,0.151,0.671,2.3222
1120,18.667,0.000,0.015,0.155,0.669,2.3321
1121,18.683,0.000,0.005,0.185,0.666,2.1466
1122,18.700,0.000,0.007,0.195,0.663,2.1826
1123,18.717,0.000,-0.000,0.200,0.660,2.3316
1124,18.733,0.000,-0.008,0.198,0.657,2.3393
1125,18.750,0.000,-0.012,0.195,0.655,2.3236
1126,18.767,0.000,-0.016,0.191,0.653,2.3307
1127,18.783,0.000,-0.018,0.185,0.651,2.3386
1128,18.800,0.000,-0.016,0.177,0.650,2.3468
1129,18.817,0.000,-0.012,0.166,0.649,2.3543
1130,18.833,0.000,-0.005,0.153,0.649,2.3556
1131,18.850,0.000,-0.005,0.134,0.649,2.3535
1132,18.867,0.000,-0.002,0.110,0.650,2.3429
1133,18.883,0.000,-0.000,0.085,0.651,2.3282
1134,18.900,0.000,-0.004,0.067,0.653,2.3337
1135,18.917,0.000,-0.015,0.055,0.656,2.3194
1136,18.933,0.000,-0.014,0.037,0.658,2.3084
1137,18.950,0.000,-0.013,-0.000,0.662,2.2814
1138,18.967,0.000,0.003,-0.048,0.665,2.2390
1139,18.983,0.000,0.035,-0.095,0.668,2.1861
1140,19.000,0.000,0.067,-0.129,0.670,2.1122
1141,19.017,0.000,0.089,-0.176,0.672,2.1452
1142,19.033,0.000,0.080,-0.186,0.673,2.2453
1143,19.050,0.000,0.079,-0.149,0.672,2.2780
1144,19.067,0.000,0.074,-0.091,0.672,2.2607
1145,19.083,0.000,0.070,-0.040,0.670,2.2492
1146,19.100,0.000,0.049,-0.001,0.668,2.3257
1147,19.117,0.000,0.042,0.030,0.666,2.3310
1148,19.133,0.000,0.037,0.048,0.663,2.3467
1149,19.150,0.000,0.036,0.070,0.659,2.3303
1150,19.167,0.000,0.032,0.099,0.655,2.3403
1151,19.183,0.000,0.017,0.092,0.652,2.3501
1152,19.200,0.000,0.009,0.084,0.650,2.3609
1153,19.217,0.000,0.010,0.081,0.648,2.3578
1154,19.233,0.000,0.009,0.077,0.646,2.3532
1155,19.250,0.000,0.015,0.073,0.645,2.3464
1156,19.267,0.000,0.022,0.067,0.645,2.3387
1157,19.283,0.000,0.030,0.057,0.645,2.3072
1158,19.300,0.000,0.036,0.050,0.645,2.2919
1159,19.317,0.000,0.049,0.043,0.646,2.2783
1160,19.333,0.000,0.050,0.024,0.647,2.2272
1161,19.350,0.000,0.051,0.004,0.649,2.2415
1162,19.367,0.000,0.047,-0.007,0.651,2.2264
1163,19.383,0.000,0.052,-0.029,0.653,2.2420
1164,19.400,0.000,0.050,-0.048,0.655,2.2079
1165,19.417,0.000,0.047,-0.066,0.658,2.1769
1166,19.433,0.000,0.043,-0.088,0.661,2.1719
1167,19.450,0.000,0.036,-0.111,0.663,2.1947
1168,19.467,0.000,0.025,-0.136,0.666,2.2392
1169,19.483,0.000,0.021,-0.164,0.669,2.2447
1170,19.500,0.000,0.021,-0.191,0.672,2.2296
1171,19.517,0.000,0.028,-0.212,0.675,2.2461
1172,19.533,0.000,0.032,-0.236,0.677,2.2798
1173,19.550,0.000,0.040,-0.247,0.679,2.3184
1174,19.567,0.000,0.054,-0.229,0.680,2.3136
1175,19.583,0.000,0.070,-0.179,0.680,2.2673
1176,19.600,0.000,0.073,-0.113,0.679,2.2373
1177,19.617,0.000,0.055,-0.065,0.678,2.2796
1178,19.633,0.000,0.048,-0.038,0.676,2.2988
1179,19.650,0.000,0.040,-0.025,0.673,2.3268
1180,19.667,0.000,0.038,-0.010,0.669,2.3328
1181,19.683,0.000,0.039,0.012,0.665,2.3081
1182,19.700,0.000,0.019,0.029,0.660,2.3385
1183,19.717,0.000,0.011,0.040,0.657,2.3530
1184,19.733,0.000,0.007,0.041,0.654,2.3485
1185,19.750,0.000,-0.001,0.035,0.652,2.3459
1186,19.767,0.000,0.001,0.033,0.651,2.3421
1187,19.783,0.000,0.001,0.028,0.650,2.3359
1188,19.800,0.000,0.004,0.021,0.650,2.3332
1189,19.817,0.000,0.009,0.016,0.651,2.3281
1190,19.833,0.000,0.017,0.010,0.651,2.3217
1191,19.850,0.000,0.022,-0.001,0.652,2.3044
1192,19.867,0.000,0.030,-0.013,0.653,2.2966
1193,19.883,0.000,0.034,-0.026,0.655,2.2739
1194,19.900,0.000,0.043,-0.035,0.656,2.2639
1195,19.917,0.000,0.047,-0.042,0.658,2.2474
1196,19.933,0.000,0.058,-0.047,0.661,2.2528
1197,19.950,0.000,0.040,-0.041,0.663,2.2386
1198,19.967,0.916,0.000,0.000,0.760,2.2982
1199,19.983,0.000,0.020,0.105,0.756,1.3633
